"post_id";"presence_id";"phrase_id";"produit_name";"phrase";"prise_bool"
797645;1463121;"797645_1_1";"REFRESH";" Je mets des larmes artificielles , du nom_medicament ( 3 a 6 doses par jour ) .";TRUE
1976342;1463583;"1976342_1_1";"VISMED";" Pour la secheresse oculaire , je prends de l Alpha Larm ( complement alimentaire ) , Lacrifuid et nom_medicament .";TRUE
2509253;1462947;"2509253_1_1";"ARTELAC";" Quant aux unidoses sans conservateur ce t en cite quelques unes : ( nom_medicament , celluvisc , lacryvisc , refresh , larmabak , fluidaback , vismed , hylocomod , etc , etc ) <U+FFFD> .";FALSE
2509253;1463538;"2509253_2_1";"VISMED";" Quant aux unidoses sans conservateur ce t en cite quelques unes : ( Artelac , celluvisc , lacryvisc , refresh , larmabak , fluidaback , nom_medicament , hylocomod , etc , etc ) <U+FFFD> .";FALSE
2509253;1645798;"2509253_3_1";"LACRYVISC";" Quant aux unidoses sans conservateur ce t en cite quelques unes : ( Artelac , celluvisc , nom_medicament , refresh , larmabak , fluidaback , vismed , hylocomod , etc , etc ) <U+FFFD> .";FALSE
2509253;1646360;"2509253_4_1";"CELLUVISC";" Quant aux unidoses sans conservateur ce t en cite quelques unes : ( Artelac , nom_medicament , lacryvisc , refresh , larmabak , fluidaback , vismed , hylocomod , etc , etc ) <U+FFFD> .";FALSE
2509253;1646772;"2509253_5_1";"LARMABAK";" Quant aux unidoses sans conservateur ce t en cite quelques unes : ( Artelac , celluvisc , lacryvisc , refresh , nom_medicament , fluidaback , vismed , hylocomod , etc , etc ) <U+FFFD> .";FALSE
2509403;1462962;"2509403_1_1";"ARTELAC";" J ai tout eu ou presque ( celuvisc , nom_medicament , levofree , <U+FFFD> actuellement j ai constamment sur moi 10mL de Multricrom .";TRUE
2723817;1463627;"2723817_1_1";"VISMED";" edit : nom_medicament marche aussi tres bien .";FALSE
2723824;1463624;"2723824_1_1";"VISMED";" Essaie nom_medicament multi dose en attendant .";FALSE
2723825;1463626;"2723825_1_1";"VISMED";" J ai achete nom_medicament et vais l essayer .";TRUE
2723826;1463625;"2723826_1_1";"VISMED";" Oui c est pour ca que j ai dit nom_medicament multidose .";FALSE
2723826;1463625;"2723826_1_2";"VISMED";" Tu nous dira si c est mieux avec nom_medicament .";FALSE
2723826;1463649;"2723826_2_1";"ARTELAC";" Mais sinon tu soufres apparement d une secheresse oculaire legere ton ophtalmo peut te prescrire des goutes remboursables comme refresh , nom_medicament .";FALSE
2982601;25000;"2982601_1_1";"AQUAREST";" Traitement : XAILIN night nom_medicament Optive Verres photochromiques : OD + 0 .";TRUE
2982611;25002;"2982611_1_1";"AQUAREST";" j en ai marre , bon j ai reussi a repartir avec une ordo d nom_medicament , vismed et vitamine A Dulcis mais bon : /";TRUE
2982611;1647248;"2982611_2_1";"VISMED";" j en ai marre , bon j ai reussi a repartir avec une ordo d aquarest , nom_medicament et vitamine A Dulcis mais bon : /";TRUE
2982662;25007;"2982662_1_1";"AQUAREST";" OH oui oui secheresse occulaire severe , j ai "" teste "" pas mal de larmes artificielles et elles n etaient pas assez hydratante , et puis un jour mon doc m a prescris les nom_medicament ( sur ordonance remboursees par la secu ) , c est des larmes artificielles en gel , vraiment TRES hydratante , et douce , c est un bonheur quand mes yeux sont tout sec http : / / www .";TRUE
2982662;25007;"2982662_1_2";"AQUAREST";" fr / medicaments / <NOM> famille / medicament gp4161 nom_medicament .";TRUE
2982664;25006;"2982664_1_1";"AQUAREST";" les ophtalmos que j ai vu ne m en ont pas parle , ils m ont juste dis "" c est le travail sur ordinateur toute la journee qui vous fatigue les yeux "" , a part me prescrire des gouttes nom_medicament et de la Vitamine A Dulcis en creme , ils font rien en plus , j ai pris par moi meme les complements alimentaire en interne , car les yeux aussi ont "" faim "" a leur maniere .";TRUE
2982666;1463470;"2982666_1_1";"VISMED";" Par le premier ophtalmo consulte j ai eu du Lacryfluid , du nom_medicament ( qui serait nettement plus indique que le Lacryfluid parce qu il laisse un film sur la cornee qui reste plus longtemps que les simples larmes artificielles ) , plus la vitamine A sous forme de collyre et de pommade .";TRUE
2982666;1463470;"2982666_1_2";"VISMED";" La substance "" Hyaluronate de sodium "" est cette substance qui laisserait comme un film , donc un effet plus durable ( comme le nom_medicament , qui est moins pratique a utiliser ) .";FALSE
2982666;1645707;"2982666_2_1";"LACRIFLUID";" Par le premier ophtalmo consulte j ai eu du nom_medicament , du VisMed ( qui serait nettement plus indique que le nom_medicament parce qu il laisse un film sur la cornee qui reste plus longtemps que les simples larmes artificielles ) , plus la vitamine A sous forme de collyre et de pommade .";FALSE
2982669;1463473;"2982669_1_1";"VISMED";" Le nom_medicament en 20 dosettes coute 10 euros et n est rembourse qu a 2 euros .";TRUE
2982669;1463473;"2982669_1_2";"VISMED";" Le nom_medicament Multi est rembourse , mais je ne l ai pas aime , car pas tres facile a faire sortir les gouttes !";TRUE
2982669;1463473;"2982669_1_3";"VISMED";" Le Hylo Comod n est pas non plus correctement rembourse ( un quasi equivalent du nom_medicament ) , mais il se garde pendant 6 mois car il est dans un flacon tres pratique et s instille facilement .";TRUE
2982672;25004;"2982672_1_1";"AQUAREST";" ah John36 , tu as essaye les gouttes nom_medicament , elles sont bien hein ?";TRUE
2982681;1463208;"2982681_1_1";"REFRESH";" Du coup j ai achete en pharmacie un autre produit ( nom_medicament ) que je mets plusieurs fois par jours , je ne sais pas si ca ameliore la secheresse mais au moins ca ne me pique pas .";TRUE
2982681;1645708;"2982681_2_1";"LACRIFLUID";" L ophtalmo m avait prescrit du nom_medicament pour ma secheresse oculaire , et je n ai pas du tout supporte ca , ca me piquait quand je les mettais , j avais les yeux encore plus rouges et j ai vraiment eu la sensation que la secheresse augmentait au lieu de diminuer .";FALSE
2982691;25008;"2982691_1_1";"AQUAREST";" Sinon il y a aussi des gels : Celluvisc , nom_medicament ( Celluvisc est a mon sens meilleur ) .";FALSE
2982705;25009;"2982705_1_1";"AQUAREST";" L ophtalmo m a donne de la pommade ophtalmo qui s appelle Sterdex ainsi que des gouttes nom_medicament .";TRUE
2982709;25010;"2982709_1_1";"AQUAREST";" Bonjour , Je dois me faire operer de la cataracte ( j ai <AGE> <AGE> ) , et j ai depuis 1 ans environ les yeux secs , je mets nom_medicament 3 fois par jour et parfois ce n est pas suffisant .";TRUE
2982714;25011;"2982714_1_1";"AQUAREST";" Prescription d nom_medicament , que j ai mis pendant 4 mois et c etait encore pire , puis apres avoir contacte l ophta m a change les gouttes par de l Artelac .";TRUE
2982719;25015;"2982719_1_1";"AQUAREST";" Personellemenent j avais 6 , 5 , dans combien de temps pourrai je recouvrer une hydratation normale naturelle sans plus devoir instiller de gouttes d nom_medicament ?";TRUE
2982725;25014;"2982725_1_1";"AQUAREST";" Heureusement j ai une acuite visuelle correcte maintenant , sans lunettes : 9 , 5 et 11 quand les yeux sont bien hydrates , mais cela se degrade rapidement a 7 , 5 9 , 5 avec la secheresse qui s accroit ; l acuite normale revient a la prochaine goutte d nom_medicament instillee .";TRUE
2982827;25019;"2982827_1_1";"AQUAREST";" En ce moment je suis son "" traitement "" : <U+FFFD> Matin + soir : <U+FFFD> compresses chaudes massages des paupieres lavage des paupieres avec phylarm vismed <U+FFFD> Dans la journee au besoin : <U+FFFD> nom_medicament ou optive <U+FFFD> Les douleurs durent depuis plus d une semaine a present .";TRUE
2982834;25020;"2982834_1_1";"AQUAREST";" J ai ete opere au Lasik femto il y a 10 mois a <NOM> Lamartine et j ai toujours les contraintes de secheresses oculaires : 3 gouttes d nom_medicament a 12h00 , 18h00 et 22h00 .";TRUE
2982873;25029;"2982873_1_1";"AQUAREST";" Bonjour , Je voudrais savoir si les gouttes nom_medicament sont nocives pour les yeux pour le moment c est les seules qui me lubrifie assez les yeux , mais en cherchant sur le net , j ai vu que elles contienne du sorbitol et du phosphate disodique dodechahydrate et que ces ingredients serai novifs pour les yeux ?";TRUE
2982880;25028;"2982880_1_1";"AQUAREST";" Alors est ce que vos veines ont pu disparaitre apres l arret de l nom_medicament .";TRUE
2982880;1646351;"2982880_2_1";"CELLUVISC";" Maintenant ce qui persiste c plus de l inconfort car quelques fois j ai l oeil qui s humidifie de moitie et jprends du nom_medicament mais ca ne dure que 45 mn , donc depuis jprends plus rien mise a part mes gellules .";FALSE
2982881;25027;"2982881_1_1";"AQUAREST";" Bonjour abic , et bien je n ai pas pu vraiment rester sans mettre mon nom_medicament tellement j ai des douleurs dans les yeux , lie a la secheresse .";TRUE
2982910;25030;"2982910_1_1";"AQUAREST";" Pour les gels : Celluvisc , nom_medicament .";TRUE
2982910;1462910;"2982910_2_1";"ARTELAC";" Pour les larmes que j ai deja essaye : Refresh , Vismed multi , Larmabak , nom_medicament .";TRUE
2982910;1647287;"2982910_3_1";"VISMED MULTI";" Pour les larmes que j ai deja essaye : Refresh , nom_medicament , Larmabak , Artelac .";TRUE
2982922;1463523;"2982922_1_1";"VISMED";" J avais nom_medicament je crois en gros flacon q je mettais tous les soirs et des larmes classiques artificielles en disettes uniq a la demande .";TRUE
2982932;25038;"2982932_1_1";"AQUAREST";" Il m a prescrit du nom_medicament pour 6mois .";TRUE
2982932;1463216;"2982932_2_1";"REFRESH";" j ai mis les premieres gouttes y a moins d une demi heure et je trouve que l effet est plus efficace que le nom_medicament .";TRUE
2982933;1463217;"2982933_2_1";"REFRESH";" C est mieux que le nom_medicament .";TRUE
2982933;25037;"2982933_1_1";"AQUAREST";" Re j utilise aussi nom_medicament , sa soulage un peu .";TRUE
2982935;25036;"2982935_1_1";"AQUAREST";" Depuis que j utilise l nom_medicament je trouve ca genial .";TRUE
2982937;25035;"2982937_1_1";"AQUAREST";" Moi j ai d abord eu les gouttes refresh , et finalement je prefere les nom_medicament .";TRUE
2982937;1463214;"2982937_2_1";"REFRESH";" Moi j ai d abord eu les gouttes nom_medicament , et finalement je prefere les aquarest .";TRUE
2982940;25032;"2982940_1_1";"AQUAREST";" et pour l nom_medicament il n y a rien de specifie sur la boite .";FALSE
2982940;1463215;"2982940_2_1";"REFRESH";" Apres les nom_medicament etaient dispo sans ordonnance .";FALSE
2982946;25031;"2982946_1_1";"AQUAREST";" j utilise au choix , en alternance : nom_medicament 0 , 2 % : 3 a 7 gttes LACRIFLUID 0 , 13 % : 3 a 7 gttes FLUIDABAK 1 , 5 % collyre : 3 a 7 gouttes depuis 2 semaine , j ai fait une episclerite a l oeil droit ( sorte de couperose dans le blanc de l oeil ) et je prend le collyre antibiotique TOBRADEX en 3 * 5 jours .";TRUE
2982946;1645425;"2982946_2_1";"FLUIDABAK";" j utilise au choix , en alternance : AQUAREST 0 , 2 % : 3 a 7 gttes LACRIFLUID 0 , 13 % : 3 a 7 gttes nom_medicament 1 , 5 % collyre : 3 a 7 gouttes depuis 2 semaine , j ai fait une episclerite a l oeil droit ( sorte de couperose dans le blanc de l oeil ) et je prend le collyre antibiotique TOBRADEX en 3 * 5 jours .";TRUE
2982946;1645484;"2982946_3_1";"LACRIFLUID";" j utilise au choix , en alternance : AQUAREST 0 , 2 % : 3 a 7 gttes nom_medicament 0 , 13 % : 3 a 7 gttes FLUIDABAK 1 , 5 % collyre : 3 a 7 gouttes depuis 2 semaine , j ai fait une episclerite a l oeil droit ( sorte de couperose dans le blanc de l oeil ) et je prend le collyre antibiotique TOBRADEX en 3 * 5 jours .";TRUE
2982955;1647314;"2982955_2_1";"VISMED MULTI";" le nom_medicament aussi , mais personnellement je le trouve trop epais .";TRUE
2982963;1462896;"2982963_1_1";"ARTELAC";" Moi aussi j en ai une depuis une quinzaine de jours ca part ca revient j en ai marre je mets des gouttes le traitement est nom_medicament , question pensez vous que la secheresse occulaire peut partir aussi vite qu elle est venue ?";TRUE
2982965;1462895;"2982965_1_1";"ARTELAC";" Moi c est bizarre j ai eu une secheresse r "" cemment pendant 15 jours je suis allee voir l ophtalmo qui m a dit quel on pouvait rien faire sauf mettre des gouttes donc nom_medicament j en ai mis et puis maintenant je n ai plus rien c est bizzare en un sens tant mieux mais le medecin me disait que cela reste a vie ou dure au moins deux ans , un an .";TRUE
2982987;25039;"2982987_1_1";"AQUAREST";" bonjour abic , je viens de voir un article sur le lipflow sur internet , mais ca fait un peu peur , le fait de devoir garder les yeux ouvert et qu on nous mette ce truc sur les paupiere , je sais pas et puis c est tres cher et non rembourse cette nuit le massage des glande de meibomius n a pas fonctionne , j ai du mettre mes gouttes nom_medicament et je me suis reveillee avec de superbes yeux rouges .";TRUE
2983005;25042;"2983005_1_1";"AQUAREST";" On a donc chercher sur internet , maman utilise aujourd hui nom_medicament , c est un gel , plus nourissant que les gouttes , moins epais et sans conservateurs .";TRUE
2983014;25043;"2983014_1_1";"AQUAREST";" En ce moment je suis son "" traitement "" : <U+FFFD> <U+FFFD> Matin + soir : <U+FFFD> compresses chaudes massages des paupieres <U+FFFD> lavage des paupieres avec phylarm <U+FFFD> vismed <U+FFFD> Dans la journee au besoin : <U+FFFD> nom_medicament ou optive <U+FFFD> <U+FFFD> Les douleurs durent depuis plus d une semaine a present .";TRUE
2983014;1646791;"2983014_2_1";"OPTIVE";" En ce moment je suis son "" traitement "" : <U+FFFD> <U+FFFD> Matin + soir : <U+FFFD> compresses chaudes massages des paupieres <U+FFFD> lavage des paupieres avec phylarm <U+FFFD> vismed <U+FFFD> Dans la journee au besoin : <U+FFFD> aquarest ou nom_medicament <U+FFFD> <U+FFFD> Les douleurs durent depuis plus d une semaine a present .";TRUE
2983014;1647236;"2983014_3_1";"VISMED";" En ce moment je suis son "" traitement "" : <U+FFFD> <U+FFFD> Matin + soir : <U+FFFD> compresses chaudes massages des paupieres <U+FFFD> lavage des paupieres avec phylarm <U+FFFD> nom_medicament <U+FFFD> Dans la journee au besoin : <U+FFFD> aquarest ou optive <U+FFFD> <U+FFFD> Les douleurs durent depuis plus d une semaine a present .";TRUE
2983014;1647236;"2983014_3_2";"VISMED";" En plus j ai une sensation de brulure , je me demande si ce n est pas le nom_medicament qui peut causer ca ?";TRUE
2983030;25044;"2983030_1_1";"AQUAREST";" J avais un collyre tres efficace : nom_medicament .";TRUE
2983037;25045;"2983037_1_1";"AQUAREST";" ce sont les gouttes nom_medicament .";TRUE
2983051;25046;"2983051_1_1";"AQUAREST";" ) La secheresse oculaire est un reel probleme je met de l nom_medicament , larmabak et artelac en general pour repondre a ta question .";TRUE
2983058;25047;"2983058_1_1";"AQUAREST";" Du coup j ai pris rdv a l hopital des Quinze Vingt a <NOM> au mois de mars et en attendant je mets des gouttes d nom_medicament + compresses chaudes le soir et matin quand c est vraiment trop desagreable .";TRUE
2983063;1647309;"2983063_2_1";"VISMED MULTI";" la rosacee oculaire ne se guerit malheureusement pas tout comme sur le visage , moi j utilise nom_medicament en collyre c est tres efficace pour les yeux secs et sans conservateur + gelule Rubozinc pour calmer un peu ma rosacee et ma peau grasse .";TRUE
2983068;25048;"2983068_1_1";"AQUAREST";" De plus , je fais des allergies a pas mal de collyre comme tobrex , nom_medicament , ryfamicine par exemple .";TRUE
2983068;1463502;"2983068_2_1";"VISMED";" Merci pour la reponse , mais les collyres que l on m a prescrit sont les <U+FFFD>suivants : hylovis , nom_medicament , lacrigel , liposic .";TRUE
2983072;1462903;"2983072_1_1";"ARTELAC";" nom_medicament ( a base de sorbitol ) .";TRUE
2983072;1462903;"2983072_1_2";"ARTELAC";" Demande a ton medecin de te prescrire 2 marques ( je crois qu il ne t en donneras pas plus , donc voici les plus cheres ) : Vismed Multi a raison de 6 gouttes par jour ( ca doit faire 2 ou 3 flacons par mois ) et nom_medicament a raison de 6 gouttes par jour ( ca doit faire 3 boite pour un mois ) .";TRUE
2983072;1463179;"2983072_2_1";"REFRESH";" Pour les gouttes j utilise de "" grands classiques "" : nom_medicament ( a base de povidone et alcool polyvinylique ) .";TRUE
2983072;1463179;"2983072_2_2";"REFRESH";" J avais lu un article d ophtalmo qui disait que nom_medicament est pas mal pour "" nettoyer "" les yeux ( grace a l action de la povidone et / ou de l alcool polyvinylique qu il contient ) .";FALSE
2983072;1463179;"2983072_2_3";"REFRESH";" Quant a nom_medicament , achete une boite hors ordonnance histoire d essayer , ca ne coute pas cher ( a moins que tu arrive a le faire passer sur l ordonnance avec les autres ) .";FALSE
2983074;1462902;"2983074_1_1";"ARTELAC";" Sinon , en ce qui concerne les gouttes proposees , je ne supporte pas refresh et nom_medicament , ducadose , car c est comme si mes yeux s etaient enflammees d un coup .";TRUE
2983079;1463137;"2983079_1_1";"REFRESH";" Je suis donc retourne voir mon ophtalmo qui m a donne cette fois un produit qui s appelle nom_medicament .";TRUE
2983079;1646142;"2983079_2_1";"OPTIVE";" Cet ophtalmo m a prescrit un "" nouveau "" collyre , nom_medicament .";TRUE
2983080;1463138;"2983080_1_1";"REFRESH";" Je suis donc retourne voir mon ophtalmo qui m a donne cette fois un produit qui s appelle nom_medicament .";TRUE
2983083;1463139;"2983083_2_1";"REFRESH";" IL est nul le nom_medicament , il n hydrate pas bcp , essai le Aquarest , nettement plus hydratant";TRUE
2983083;25049;"2983083_1_1";"AQUAREST";" IL est nul le refresh , il n hydrate pas bcp , essai le nom_medicament , nettement plus hydratant";TRUE
3033040;1462942;"3033040_1_1";"ARTELAC";" L ophtalmo m a prescrit de l nom_medicament et de Dexagrane ( ca pique !";TRUE
3657599;1463128;"3657599_1_1";"REFRESH";" Moi je mets de la ciclosporine , je ne peux m en passer , la vitamine A non plus , du nom_medicament et en cas de grosse crise du sterdex mais ce n est pas a prendre a la legere car c est de la cortisone .";TRUE
3657599;1646196;"3657599_2_1";"CICLOSPORINE";" Moi je mets de la nom_medicament , je ne peux m en passer , la vitamine A non plus , du refresh et en cas de grosse crise du sterdex mais ce n est pas a prendre a la legere car c est de la cortisone .";TRUE
4543651;1463152;"4543651_1_1";"REFRESH";" J en ai parle a l ophtalmo qui m a prescrit du nom_medicament et de la VITAMINE A POMMADE .";TRUE
5655487;1462914;"5655487_1_1";"ARTELAC";" Je n ai pas recu la meme ordonance que vous ( Collyre Tobradex 8 jours 4fois par jours et Collyre nom_medicament pendant 30 jours 3fois par jours minimum ) par contre j ai bien recu votre MP et j ai deja entendu parler de ce centre en negatif malheureusement .";TRUE
5843895;1463189;"5843895_1_1";"REFRESH";" Pour la secheresse des yeux , j utilise du gel ( vismed ) et nom_medicament et dacryoserum .";TRUE
5843895;1463596;"5843895_2_1";"VISMED";" Pour la secheresse des yeux , j utilise du gel ( nom_medicament ) et refresh et dacryoserum .";TRUE
6782067;1645971;"6782067_1_1";"CICLOSPORINE";" Je souffre de cette maladie depuis lage de <AGE> <AGE> , en 1969 ; jai donc maintenant presque 47 ans ; ma vie a ete une longue suite de peripeties , avec des rechutes innombrables ( jai arrete de les compter a partir de 30 ) jai servi de cobaye pour la nom_medicament au tout debut de ce medicament ( echec ) et pour le chloraminophene ( qui ma "" bousille "" mon usine a spermatozoides ) seule la cortisone est efficace ( je dois monter jusqu a 80 mg / jour !";TRUE
7105044;1645890;"7105044_1_1";"CICLOSPORINE";" Depuis l operation jusqu en 2010 je faisait une analyse de sang tout les mois afin de controler mon taux de plaquettes qui se stabilise a <SEQUENCE> <SEQUENCE> plaquettes environ et je prenais de la nom_medicament et de la penicilline ( pour mon ablation de la rate ) a controler tout les mois , et quand il etait necessaire on m administrait des gammagard ( plaquettes inferieur a <SEQUENCE> <SEQUENCE> ) . .";TRUE
7105044;1645890;"7105044_1_2";"CICLOSPORINE";" Je pense qu etre adolescente et avoir cette maladie est encore plus dure a supporter , avec mes regles ( a rallonge car elles durent de 7 a 9 jours ) mon purpura s est aggrave avec des episodes de thrombopenie tres rapprocher malgre la nom_medicament et l oracilline .";TRUE
8334578;1462966;"8334578_1_1";"ARTELAC";" Sinon un autre petit souci , mes yeux sont un peu sec , et je suis oblige 3 fois par jour de mettre des gouttes nom_medicament pendant 6 mois , et logiquement tout devrait rentre dans l ordre .";TRUE
9311669;1462925;"9311669_1_1";"ARTELAC";" Oui , les collyres me brulent souvent et il m arrivait meme d etre fortement derangee par l nom_medicament , c est dire !";TRUE
9311670;1462940;"9311670_1_1";"ARTELAC";" nom_medicament : c est possible tout cela est tres individuel mais bon il y a pas mal de produits dans ce domaine ( seule chose importante c est eviter les conservateurs ) .";FALSE
9311672;1462939;"9311672_1_1";"ARTELAC";" nom_medicament c etait du pipi de chat ( enfin , si j ose dire ) a cote !";TRUE
9311672;1645981;"9311672_2_1";"NUTRIVISC";" Bon , eh bien , en effet , nom_medicament , c en est fini pour moi !";TRUE
9311678;1462926;"9311678_1_1";"ARTELAC";" Sinon nom_medicament me pique pas mal aussi ( moins que Nutrivisc , mais bon .";TRUE
9311678;1645980;"9311678_2_1";"NUTRIVISC";" Sinon Artelac me pique pas mal aussi ( moins que nom_medicament , mais bon .";TRUE
9311686;1463556;"9311686_1_1";"VISMED";" nom_medicament sans miroir , comment ca ?";FALSE
9311688;1463574;"9311688_1_1";"VISMED";" Mais ca marche uniquement avec la marque nom_medicament j ai essaye avec hylocomod et aqualarm intensive et ce n est pas possible .";FALSE
9311804;1462937;"9311804_1_1";"ARTELAC";" seulement avec nom_medicament car les autres me brulent , tout comme lorsque je me frotte un peu les paupieres ) .";TRUE
9311814;1462933;"9311814_1_1";"ARTELAC";" Record battu ) , je m en suis sortie avec un "" ben vous n avez rien , je vous donne ce que je donne a tous ceux qui sont dans votre cas "" , et j ai recupere une ordonnance de : cystine B6 , nom_medicament en unidoses , Flucon , et Alphalarm en comprimes !";TRUE
9311816;1462929;"9311816_1_1";"ARTELAC";" Cela dit , le flucon a l air d etre efficace , a moins que ce soit l nom_medicament ( qui n a rien a voir avec l aqualarm ) .";TRUE
9311819;1462935;"9311819_1_1";"ARTELAC";" Quand j ai parle la premiere fois d aqualarm , tu m as repondu "" du bon vieil nom_medicament quoi !";FALSE
9311821;1462931;"9311821_1_1";"ARTELAC";" Mes yeux ne brulent plus pour l instant , l nom_medicament me convient bien , j en mets un peu le matin et un peu le soir , tres peu en journee .";TRUE
9311822;1463559;"9311822_1_1";"VISMED";" La , je trouve nom_medicament bien sympa mais j ai l impression que les autres traitements me brulent , m irritent , comme s il y avait une bouteille de javel a mes cotes .";TRUE
9311825;1463562;"9311825_1_1";"VISMED";" Sinon je note que le nom_medicament est un peu froid c est mieux quand il est a une temperature de 25 degre ( la limite maximale ) .";TRUE
9311826;1463572;"9311826_1_1";"VISMED";" Le nom_medicament je l adore c est le seul que je tolere il est impeccable !";TRUE
9311828;1463570;"9311828_1_1";"VISMED";" Moi j adore nom_medicament parce que il est a la fois pratique et super bien tolere a l inverse de celluvisc ou il faut pas en mettre beaucoup car sinon cela fait l inverse ca desseche l oeil ( toujours avec cette histoire de glycoproteines )";TRUE
9311828;1646337;"9311828_2_1";"CELLUVISC";" Moi j adore vismed parce que il est a la fois pratique et super bien tolere a l inverse de nom_medicament ou il faut pas en mettre beaucoup car sinon cela fait l inverse ca desseche l oeil ( toujours avec cette histoire de glycoproteines )";TRUE
9311829;1462932;"9311829_1_1";"ARTELAC";" Celluvisc je n en ai pas eu , en revanche j ai nom_medicament , Fluidabak , Naabak .";TRUE
9311829;1463560;"9311829_2_1";"VISMED";" Je remets quand meme pas mal de nom_medicament et les boites sont petites .";TRUE
9311829;1645726;"9311829_3_1";"FLUIDABAK";" Celluvisc je n en ai pas eu , en revanche j ai Artelac , nom_medicament , Naabak .";TRUE
9311829;1646336;"9311829_4_1";"CELLUVISC";" nom_medicament je n en ai pas eu , en revanche j ai Artelac , Fluidabak , Naabak .";FALSE
9311836;1463561;"9311836_1_1";"VISMED";" Des questions tres importantes <U+FFFD>Quand je sors oai je garde toujours un flacon de nom_medicament avec moi .";TRUE
9311836;1463561;"9311836_1_2";"VISMED";" devant les gens alors ce que je fais je montre bien mon flacon devant tout le monde avant et surtout apres c est tres important ca permet de "" normaliser "" la chose et surtout les flacons de nom_medicament sont plutot esthetique alors ca va .";TRUE
9311836;1646483;"9311836_2_1";"CICLOSPORINE";" Prends tu la nom_medicament ?";FALSE
9311847;1463563;"9311847_1_1";"VISMED";" Sinon , je suis tres en colere car le nom_medicament est hors de prix pour moi , et il faudrait ( si je veux suivre les prescriptions ) que j en achete une boite tous les trois jours pour me soigner comme il le faut , or bien entendu je n ai pas le budget !";TRUE
9311856;1463566;"9311856_1_1";"VISMED";" Je veux pas faire de pub , mais apres m etre ruine en nom_medicament , Oxyal , Systane et j en passe , j ai reflechi et recherche avec mon pharmacien pour des larmes qui seraient a la fois remboursees et sans conservateurs , ce qui n est pas chose aisee .";TRUE
9311856;1645727;"9311856_2_1";"FLUIDABAK";" Pourquoi personne ne parle des collyres Larmabak et nom_medicament ?";FALSE
9311856;1645727;"9311856_2_2";"FLUIDABAK";" Ceux que j utilise actuellement sont tres bien surtout nom_medicament .";TRUE
9311856;1646756;"9311856_3_1";"LARMABAK";" Pourquoi personne ne parle des collyres nom_medicament et Fluidabak ?";FALSE
9311856;1647193;"9311856_4_1";"SYSTANE";" Je veux pas faire de pub , mais apres m etre ruine en Vismed , Oxyal , nom_medicament et j en passe , j ai reflechi et recherche avec mon pharmacien pour des larmes qui seraient a la fois remboursees et sans conservateurs , ce qui n est pas chose aisee .";TRUE
9311858;1463565;"9311858_1_1";"VISMED";" A quatre mois , j ai arrete le traitement par voie oral depuis trois semaines , vitamine a tjrs la nuit mais plus le jour , nom_medicament deux fois par jour encore et les yeux qui collent encore .";TRUE
9315321;1462874;"9315321_1_1";"ARTELAC";" Mon ophtalmo m a donne du nom_medicament et du Cromedil , c est pas que je lui fait pas confiance , mais j aimerais etre sur qu ils soient efficaces , d autant que j ai vu souvent qu on devait traiter ca avec des pommades .";TRUE
9325341;1645765;"9325341_1_1";"LACRYVISC";" Moi la nuit je met nom_medicament mais c est pas tres efficace ( je dois sv me reveiller la nuit ) et je supporte mal la pommade vit A .";TRUE
9325346;1463529;"9325346_1_1";"VISMED";" Je ne sais pas si c est le cas de nom_medicament .";FALSE
9326461;1462899;"9326461_1_1";"ARTELAC";" J ai mis nom_medicament pendant 2 ans , puis j ai essaye Aqualarm UP et ensuite Vitabact sur ordonnance mais c est vraiment du pipi de chat , ca ne change strictement rien .";TRUE
11324926;1645866;"11324926_1_1";"UNIFLUID";" et puis j ai decouvert le forum et la personne qui a dit de prendre nom_medicament j ai essaye sans grande conviction et ma surprise fut de constater que ca marche . .";TRUE
11324926;1645866;"11324926_1_2";"UNIFLUID";" nom_medicament est parfait pour le nez bouche mais il ne soigne pas .";TRUE
11324946;1645853;"11324946_1_1";"UNIFLUID";" Je vais essayer l nom_medicament egalement , si vous avez des infos supplementaires , je suis preneuse .";FALSE
11324962;1645848;"11324962_1_1";"UNIFLUID";" Pour ma part , ca y est , j ai commence l nom_medicament aujourd hui a midi , et comme je m y attendais , le sevrage est horrible .";TRUE
11324962;1645848;"11324962_1_2";"UNIFLUID";" Ca veut dire que tu prends autre chose en plus de l nom_medicament pour t aider ?";FALSE
11325004;1645842;"11325004_1_1";"UNIFLUID";" J ai cumule tout ce que vous avez indique : nom_medicament dans un flacon vide de derinox pour humidifier le nez corticoide style celestamine pendant 5 jours rhinocort pendant 15 jours La 1ere nuit j ai du remettre 1 fois du derinox juste pour pouvoir dormir , mais dilue moitie avec du serum phy . .";TRUE
12654866;1462958;"12654866_1_1";"ARTELAC";" Les symptomes : bouche tres seche : j ai tjrs des bonbons a la menthe ds mon sac yeux qui piquent ou je n arrive pas a lire a cause d une gene occulaire , je vois des fois trouble , mon doc m avait donne de l nom_medicament en pipettes .";TRUE
12654967;1463555;"12654967_1_1";"VISMED";" coucou <U+FFFD>c est <U+FFFD>FA <U+FFFD>NFAN <U+FFFD>je <U+FFFD>vous <U+FFFD>donne <U+FFFD>des <U+FFFD>nouvelles <U+FFFD>quand <U+FFFD>j aurai <U+FFFD>les <U+FFFD>resultats <U+FFFD>de <U+FFFD>la <U+FFFD>biopsie <U+FFFD> <U+FFFD> en <U+FFFD>fevrier <SEQUENCE> <U+FFFD> on <U+FFFD>a <U+FFFD>essaye <U+FFFD>pilocarpine <U+FFFD> cela <U+FFFD>a <U+FFFD>aggrave <U+FFFD> les <U+FFFD>douleurs <U+FFFD> comme <U+FFFD>vous <U+FFFD>les <U+FFFD>copines <U+FFFD>je <U+FFFD>souffre <U+FFFD>beaucoup <U+FFFD> <U+FFFD>en <U+FFFD>ce <U+FFFD>moment <U+FFFD>pour <U+FFFD>les <U+FFFD>yeux <U+FFFD> je <U+FFFD>mets <U+FFFD> nom_medicament PLUS <U+FFFD> <U+FFFD>IXPRIM <U+FFFD>ET <U+FFFD>RIVOTRIL <U+FFFD>pour <U+FFFD>la <U+FFFD>FIBRO <U+FFFD> ET <U+FFFD>INJECTIONS <U+FFFD>D ACUPAN <U+FFFD> quand <U+FFFD>les <U+FFFD>poussees <U+FFFD>sont <U+FFFD>trop <U+FFFD>fortes <U+FFFD> mais <U+FFFD>pas <U+FFFD>de <U+FFFD>miracles <U+FFFD> <U+FFFD>a <U+FFFD>bientot <U+FFFD> courage <U+FFFD> a <U+FFFD>toutes <U+FFFD>";TRUE
12655016;1462960;"12655016_1_1";"ARTELAC";" Toute fois la secheresse je la sens wsurtout la nuit et au lever le matin , mon ophtalmo ma prescrit nom_medicament 8 fois par jour et pommade la nuit , le probleme et que depuis le debut je n arrive pas a mettre les gouttes autant plus j en met plus je ressent des debris surtout au momment ou japlique des goutte plus dense comme "" sicafluide "" jessais de netoyer avec le serum sale mais rien jarrive pas a m en debarasser !";TRUE
12716305;1462951;"12716305_1_1";"ARTELAC";" quelle goutte hydratante prenez vous moi <U+FFFD>j ai du lacrifluid et il m a prescrit nom_medicament recemment .";TRUE
12716305;1645477;"12716305_2_1";"LACRIFLUID";" quelle goutte hydratante prenez vous moi <U+FFFD>j ai du nom_medicament et il m a prescrit artelac recemment .";TRUE
12716409;1645482;"12716409_1_1";"LACRIFLUID";" on y rajoute du dacudose pour nettoyer et le nom_medicament pour les gouttes classique . .";FALSE
12716441;1462961;"12716441_1_1";"ARTELAC";" pas si efficasse je prennais nom_medicament les soixante a 7 euro la dose et c etait bien car chaque petite dose se referme mais la c est fini plus d unidose refermable !";TRUE
12716441;1647172;"12716441_2_1";"CATIONORM";" j ai nom_medicament et franchement c est trop cher 13 euro trente application !";TRUE
12985159;1463614;"12985159_1_1";"VISMED";" Pour rappel , traitement en cours : Laroxyl , Lexomil , Policarpine , nom_medicament ( plusieurs fois par jour en collyre ) Merci pour votre aide";TRUE
12985234;1646761;"12985234_1_1";"LARMABAK";" Des larmes artificielles , il en existe de 30 sortes , moi meme mon ophtalmo m en a prescrit plusieurs et une seule me convient ; le nom_medicament est bien pour toi mais pas pour moi , c est pourquoi il faut a tout prix avoir l avis d un medecin .";TRUE
14063553;1646189;"14063553_1_1";"CICLOSPORINE";" Attention , le millepertuis n est pas inoffensif : il peut inhiber l effet de medicaments comme la digoxine ( glycoside cardiotonique ) , la theophylline , la Warfarine , certains contraceptifs oraux ( 11 rapports de cas ) les anticoagulants a base d anti vitamine K , certains antidepresseurs ou d autres moins utilises comme la nom_medicament , des traitements contre l infection a VIH ( sida ) comme l amprenavir ou l indinavir , ou certains anticancereux .";FALSE
17670335;1646484;"17670335_1_1";"CICLOSPORINE";" bonjour , pour ce qui est de l eczema je ne sais pas si tu l as developper en meme temps que ton staphylo ou si tu en avais deja avant mais contre l eczema il y a les pommades mais vu l etendue pfff pas evident , les piqures et les cachets , il y a aussi les uv mais ca ne marche pas chez tout le monde et le dernier traitement possible est celui que je suis depuis 3 ans maintenant s est la nom_medicament ( neoral ) chez moi tout comme toute les personnes qui ont suivi ce traitement s est tout simplement magique seul inconvenient se sont les effets secondaire qui ne sont pas geniaux du tout loin de la meme mais d un autre cote je peux a nouveau prendre une douche , laver mes cheveux etc .";TRUE
17982044;1462890;"17982044_1_1";"ARTELAC";" a ta place j essaierai du VISMED ou de l nom_medicament , fluidabak , un gros de gouttes peu visqueuses mais si ca se trouve cela ne donnera rien et l on te trouvera autre chose , il faut pas attendre un diagnostic d un forum .";FALSE
17982044;1463510;"17982044_2_1";"VISMED";" a ta place j essaierai du nom_medicament ou de l Artelac , fluidabak , un gros de gouttes peu visqueuses mais si ca se trouve cela ne donnera rien et l on te trouvera autre chose , il faut pas attendre un diagnostic d un forum .";FALSE
17982044;1645426;"17982044_3_1";"FLUIDABAK";" a ta place j essaierai du VISMED ou de l Artelac , nom_medicament , un gros de gouttes peu visqueuses mais si ca se trouve cela ne donnera rien et l on te trouvera autre chose , il faut pas attendre un diagnostic d un forum .";FALSE
17982045;1463511;"17982045_2_1";"VISMED";" a ta place j essaierai du nom_medicament ou de l Artelac , fluidabak , un gros de gouttes peu visqueuses mais si ca se trouve cela ne donnera rien et l on te trouvera autre chose , il faut pas attendre un diagnostic d un forum .";FALSE
19475492;1463580;"19475492_1_1";"VISMED";" Donc j avais les gouttes anti biotiques a mettre 4 fois par jour , plus des gouttes nom_medicament ( lubrifiants ) a mettre toutes les heures .";TRUE
19542137;1463539;"19542137_1_1";"VISMED";" moi j ai ete opere a Somain a la Clinique Ophtalmique qu est ce que vous avez eu comme traitement apres l operation moi pendant 4 jours cilowan voltaren nom_medicament et maintenant FLUCON";TRUE
19542181;1462954;"19542181_1_1";"ARTELAC";" Sinon aujourd hui je ne vois ni mieux ni moins bien mais je me sens mieux car l ophtalmo m a dit d arreter le flucon ( cortisone ) et mon oeil me semble du coup moins "" tendu "" : il me reste seulement maintenant 2 collyres 3 fois par jours : nom_medicament et Refresh .";TRUE
19542183;1462952;"19542183_1_1";"ARTELAC";" moi j ai d abord mis chibro cadron ( cortisone aussi ) et non oiel gonflait a chaque goutte , alors l ophtalmo m a prescrit flucon en me disant que c etait la cortisone qui faisait gonfler ma paupiere et que flucon etait moins dose mais ma paupiere etait quand meme legerement rouge alors hier il m a dit d arreter et m a prescrit nom_medicament a la place .";TRUE
19542184;1462953;"19542184_1_1";"ARTELAC";" En fait , j ai flucon + nom_medicament .";TRUE
19542211;1462955;"19542211_1_1";"ARTELAC";" Maintenant j ai juste Ilast , un collyre de <VILLE> style nom_medicament a mettre encore jusqu a la fin du mois .";TRUE
21378721;1463617;"21378721_1_1";"VISMED";" J en ai deja vu un en Decembre , elle m a prescrit Nutrivisc , Celluvisc , Dacryoserum , nom_medicament et Celluvisc .";TRUE
21378721;1646126;"21378721_2_1";"NUTRIVISC";" J en ai deja vu un en Decembre , elle m a prescrit nom_medicament , Celluvisc , Dacryoserum , Vismed et Celluvisc .";TRUE
21378721;1646367;"21378721_3_1";"CELLUVISC";" J en ai deja vu un en Decembre , elle m a prescrit Nutrivisc , nom_medicament , Dacryoserum , Vismed et nom_medicament .";TRUE
22752332;591555;"22752332_1_1";"AQUAREST";" Traitement : XAILIN night nom_medicament Optive Verres photochromiques : OD + 0 .";TRUE
23022466;1645962;"23022466_1_1";"CICLOSPORINE";" nom_medicament pour certains , reprise du traitement s il etait efficace au 7eme mois de grossesse pour eviter le rebond apres l accouchement . .";FALSE
23039829;1647312;"23039829_2_1";"VISMED MULTI";" Je recommande le "" nom_medicament "" , un produit tres bien .";TRUE
23203201;1462944;"23203201_1_1";"ARTELAC";" essaie des collyres plus light entre tes lacryvisc , genre nom_medicament , vismed , etc car il faut voir entrentemps .";FALSE
23203201;1463542;"23203201_2_1";"VISMED";" essaie des collyres plus light entre tes lacryvisc , genre artelac , nom_medicament , etc car il faut voir entrentemps .";FALSE
23203201;1645786;"23203201_3_1";"LACRYVISC";" essaie des collyres plus light entre tes nom_medicament , genre artelac , vismed , etc car il faut voir entrentemps .";FALSE
23659155;1463186;"23659155_1_1";"REFRESH";" personnellement j avais toujours du nom_medicament ( collyre ) au cas ou j avais besoin d hydrater mes yeux , idem pour les levres avec le stick uriage .";TRUE
24358247;1463593;"24358247_1_1";"VISMED";" je vois super bien avec mes lunettes et la nuit aussi sans probleme , mais faut dire que j ai une tres bonne opticienne derriere ; ) Bilan aujourd hui grosse keratite suite au port des lentilles rigides malgres le celluvisc et nom_medicament .";TRUE
24358247;1646274;"24358247_2_1";"CELLUVISC";" je vois super bien avec mes lunettes et la nuit aussi sans probleme , mais faut dire que j ai une tres bonne opticienne derriere ; ) Bilan aujourd hui grosse keratite suite au port des lentilles rigides malgres le nom_medicament et vismed .";TRUE
25210406;954754;"25210406_1_1";"ARTELAC";" Le cote visqueux est voulu Mais moi aussi j aime pas du tout , mais celui que ca gene pas a tout interet a prendre ca plutot que les trucs plus "" basique "" Je suis avec nom_medicament , c est pas revolutionnaire , du classique .";TRUE
25231618;1463136;"25231618_1_1";"REFRESH";" Je suis donc retourne voir mon ophtalmo qui m a donne cette fois un produit qui s appelle nom_medicament .";TRUE
25273678;1463636;"25273678_1_1";"VISMED";" 18 certainement mais le nom_medicament est rembourse dans certains cas .";FALSE
25273728;1463537;"25273728_2_1";"VISMED";" Quant aux unidoses sans conservateur ce t en cite quelques unes : ( Artelac , celluvisc , lacryvisc , refresh , larmabak , fluidaback , nom_medicament , hylocomod , etc , etc ) <U+FFFD> .";FALSE
25273728;1462946;"25273728_1_1";"ARTELAC";" Quant aux unidoses sans conservateur ce t en cite quelques unes : ( nom_medicament , celluvisc , lacryvisc , refresh , larmabak , fluidaback , vismed , hylocomod , etc , etc ) <U+FFFD> .";FALSE
25273728;1645797;"25273728_3_1";"LACRYVISC";" Quant aux unidoses sans conservateur ce t en cite quelques unes : ( Artelac , celluvisc , nom_medicament , refresh , larmabak , fluidaback , vismed , hylocomod , etc , etc ) <U+FFFD> .";FALSE
25273728;1646359;"25273728_4_1";"CELLUVISC";" Quant aux unidoses sans conservateur ce t en cite quelques unes : ( Artelac , nom_medicament , lacryvisc , refresh , larmabak , fluidaback , vismed , hylocomod , etc , etc ) <U+FFFD> .";FALSE
25273728;1646771;"25273728_5_1";"LARMABAK";" Quant aux unidoses sans conservateur ce t en cite quelques unes : ( Artelac , celluvisc , lacryvisc , refresh , nom_medicament , fluidaback , vismed , hylocomod , etc , etc ) <U+FFFD> .";FALSE
25298396;1463469;"25298396_1_1";"VISMED";" Par le premier ophtalmo consulte j ai eu du Lacryfluid , du nom_medicament ( qui serait nettement plus indique que le Lacryfluid parce qu il laisse un film sur la cornee qui reste plus longtemps que les simples larmes artificielles ) , plus la vitamine A sous forme de collyre et de pommade .";TRUE
25298396;1463469;"25298396_1_2";"VISMED";" La substance "" Hyaluronate de sodium "" est cette substance qui laisserait comme un film , donc un effet plus durable ( comme le nom_medicament , qui est moins pratique a utiliser ) .";FALSE
25298396;1645706;"25298396_2_1";"LACRIFLUID";" Par le premier ophtalmo consulte j ai eu du nom_medicament , du VisMed ( qui serait nettement plus indique que le nom_medicament parce qu il laisse un film sur la cornee qui reste plus longtemps que les simples larmes artificielles ) , plus la vitamine A sous forme de collyre et de pommade .";TRUE
25298435;1188855;"25298435_1_1";"AQUAREST";" j utilise au choix , en alternance : nom_medicament 0 , 2 % : 3 a 7 gttes LACRIFLUID 0 , 13 % : 3 a 7 gttes FLUIDABAK 1 , 5 % collyre : 3 a 7 gouttes .";TRUE
25298497;1463145;"25298497_1_1";"REFRESH";" Sinon parmi tout ce qui passe ou est passe dans mes yeux il m arrive d utiliser du nom_medicament .";TRUE
25298497;1463145;"25298497_1_2";"REFRESH";" Mais peut etre que le dosage n est pas le meme entre Aqualarm et nom_medicament .";TRUE
25298497;1463145;"25298497_1_3";"REFRESH";" A part ca nom_medicament est remboursable contrairement a Aqualarm Mais je tenterai quand meme Aqualarm , peut etre est il un peu different de nom_medicament .";TRUE
25298499;1463505;"25298499_1_1";"VISMED";" En fait le hyalunorate je l utilise mais sous la marque nom_medicament ( sans conservateur ) .";TRUE
25298499;1463505;"25298499_1_2";"VISMED";" Il existe en dosette ( nom_medicament ) mais aussi en flacon pompe ( nom_medicament Multi ) .";TRUE
25298499;1463505;"25298499_1_3";"VISMED";" J utilise le flacon pompe nom_medicament Multi qui coute une quinzaine d euros qui sont quasiment entierement rembourse par la Secu + mutuelle ( je ne sors que 3 euros de ma poche mais ca depend des mutuelles ) .";TRUE
25298499;1647285;"25298499_2_1";"VISMED MULTI";" Il existe en dosette ( Vismed ) mais aussi en flacon pompe ( nom_medicament ) .";FALSE
25298499;1647285;"25298499_2_2";"VISMED MULTI";" J utilise le flacon pompe nom_medicament qui coute une quinzaine d euros qui sont quasiment entierement rembourse par la Secu + mutuelle ( je ne sors que 3 euros de ma poche mais ca depend des mutuelles ) .";TRUE
25298504;1463144;"25298504_1_1";"REFRESH";" Pour les larmes que j ai deja essaye : nom_medicament , Vismed multi , Larmabak , Artelac .";TRUE
25298504;1646751;"25298504_3_1";"LARMABAK";" Pour les larmes que j ai deja essaye : Refresh , Vismed multi , nom_medicament , Artelac .";TRUE
25298536;1462911;"25298536_1_1";"ARTELAC";" ) La secheresse oculaire est un reel probleme je met de l aquarest , larmabak et nom_medicament en general pour repondre a ta question .";TRUE
25298536;1646753;"25298536_2_1";"LARMABAK";" ) La secheresse oculaire est un reel probleme je met de l aquarest , nom_medicament et artelac en general pour repondre a ta question .";TRUE
25298555;1463177;"25298555_1_1";"REFRESH";" Sinon , en ce qui concerne les gouttes proposees , je ne supporte pas nom_medicament et artelac , ducadose , car c est comme si mes yeux s etaient enflammees d un coup .";FALSE
25298555;1647275;"25298555_2_1";"VISMED MULTI";" Sinon , nom_medicament et hylovis sont ceux que je mettais mais ils ne sont plus efficaces maintenant .";TRUE
25298558;1463497;"25298558_1_1";"VISMED";" je dois continuer d apres l ophtalmo nom_medicament et hylovis a vie .";TRUE
25351972;1462873;"25351972_1_1";"ARTELAC";" L ophtalmo de m a pas parle de gants chauds et massages , uniquement donne des gouttes cromedil et nom_medicament , et m a dit qu avec ca ca ira .";TRUE
25354325;1463527;"25354325_1_1";"VISMED";" Nan je t assure ca n est pas tres grave mais moi quand je met du nom_medicament j ai l oeil parfaitement blanc , alors tu vois ne t en faits pas ce n est pas grave met du nom_medicament et basta .";TRUE
25354326;1463528;"25354326_1_1";"VISMED";" Je crois pas nom_medicament c est un hydratant ca fait pas de mal c est avec de l acide hyaluronique .";TRUE
25355021;1463546;"25355021_1_1";"VISMED";" Sinon jtourne a hylovis / nom_medicament no conservateurs donc c est bon de ce cote la Vous avez essayer la ciclosporine ( restasis aux usa ) ?";TRUE
25355021;1646042;"25355021_2_1";"CICLOSPORINE";" Sinon jtourne a hylovis / vismed no conservateurs donc c est bon de ce cote la Vous avez essayer la nom_medicament ( restasis aux usa ) ?";FALSE
25355021;1646208;"25355021_3_1";"RESTASIS";" Sinon jtourne a hylovis / vismed no conservateurs donc c est bon de ce cote la Vous avez essayer la ciclosporine ( nom_medicament aux usa ) ?";FALSE
25411100;1463161;"25411100_1_1";"REFRESH";" Autrement comme marque tu as la marque nom_medicament ( pas chere sans ordonnance et entierement remboursee avec ordonnance ) .";FALSE
25411100;1463161;"25411100_1_2";"REFRESH";" Il y a aussi Vismed Multi que beaucoup considere comme la meilleure marque ( plus chere que nom_medicament , mais presque entierement remboursee avec ordonnance ) .";FALSE
25411100;1646744;"25411100_3_1";"LARMABAK";" Concernant les gouttes ( nom_medicament ) , suis scrupuleusement le traitement meme si tu n en ressent pas le besoin : apres l operation les yeux s humidifie moins , d ou la prescription de ces gouttes .";FALSE
25411100;1646744;"25411100_3_2";"LARMABAK";" Perso je trouve que le nom_medicament peut s averer irritant a force ( composition d un serum physio a base de chlorure de sodium essentiellement ) .";TRUE
25411100;1647299;"25411100_4_1";"VISMED MULTI";" Il y a aussi nom_medicament que beaucoup considere comme la meilleure marque ( plus chere que Refresh , mais presque entierement remboursee avec ordonnance ) .";FALSE
25411103;1462913;"25411103_1_1";"ARTELAC";" nom_medicament est pas mal aussi pour humidifier les yeux aussi ( entierement remboursee comme Refresh ) .";TRUE
25411103;1462913;"25411103_1_2";"ARTELAC";" Refresh , nom_medicament , Vismed Multi .";FALSE
25411103;1463162;"25411103_2_1";"REFRESH";" Artelac est pas mal aussi pour humidifier les yeux aussi ( entierement remboursee comme nom_medicament ) .";FALSE
25411103;1463162;"25411103_2_2";"REFRESH";" nom_medicament , Artelac , Vismed Multi .";FALSE
25411103;1647300;"25411103_4_1";"VISMED MULTI";" Refresh , Artelac , nom_medicament .";FALSE
25411103;1647300;"25411103_4_2";"VISMED MULTI";" je conseillerais nom_medicament ( a base de hyaluronate ) .";FALSE
25418883;1463187;"25418883_1_1";"REFRESH";" C est naturel et si tu en mets regulierement , ca marche mieux que nom_medicament ou autre .";TRUE
25418883;1645470;"25418883_2_1";"CIVIGEL";" nom_medicament , c est vraiment bien aussi pour en avoir essaye plusieurs .";TRUE
25550282;1462964;"25550282_1_1";"ARTELAC";" L autre produit promu ici semble etre l Aqualarm intensive qui n est autre que de l nom_medicament ( en "" rebranding "" moderne , c est de la bonne vieille povidone , c est pas mauvais , j utilise cela tous les jours mais c est pas revolutionnaire .";FALSE
25550283;1463611;"25550283_1_1";"VISMED";" Sauf ton respect c est le nom_medicament la version remboursee l aqualarm intensive c est de l AH .";FALSE
25667769;1645749;"25667769_1_1";"LACRINORM";" Bien couvrir les yeux toute la journee + utiliser des larmes artificielles ou mieux un gel ophtalmique ( nom_medicament * 0 .";FALSE
25838816;1010234;"25838816_1_1";"AQUAREST";" Il m a alors prescrit des larmes artificielles de deux sortes ( nom_medicament et Vismed ) qui n ont rien donne puis a obstrue les orifices de chaque <U+FFFD>il , toujours rien , meme en ajoutant le soir au coucher du Vismed .";TRUE
26515326;1462957;"26515326_1_1";"ARTELAC";" mes preferees : nom_medicament et vismed ( ou similaire ) , mais cela ne veut rien dire pour vous .";TRUE
26515326;1463540;"26515326_2_1";"VISMED";" mes preferees : artelac et nom_medicament ( ou similaire ) , mais cela ne veut rien dire pour vous .";TRUE
26515326;1646293;"26515326_3_1";"CELLUVISC";" avant je preferais le nom_medicament mais cela ne marche plus vraiment .";TRUE
26515327;1463541;"26515327_1_1";"VISMED";" j utilise nom_medicament depuis 2 mois , mais je ne vois guere d amelioration .";TRUE
26706960;1463641;"26706960_1_1";"VISMED";" Je precise que le flacon de lubrifiant oculaire nom_medicament est tout de meme utilisable pendant trois mois apres ouverture .";FALSE
27019162;1463642;"27019162_1_1";"VISMED";" J ai un traitement de 3 gouttes / jour Flucon et 3 gouttes / jour nom_medicament .";TRUE
27225694;1462872;"27225694_1_1";"ARTELAC";" Au final , il me prescrit les memes larmes que celles que j ai achete , Refresh , mais aussi nom_medicament .";TRUE
27225694;1463170;"27225694_2_1";"REFRESH";" On m a propose nom_medicament .";TRUE
27225694;1463170;"27225694_2_2";"REFRESH";" Au final , il me prescrit les memes larmes que celles que j ai achete , nom_medicament , mais aussi Artelac .";TRUE
27225694;1463170;"27225694_2_3";"REFRESH";" Ces dernieres brouillent la vue les premieres secondes , elles sont sensees rester plus longtemps au contact de l oeil , mais elles ne me soulagent pas plus longtemps que nom_medicament j ai l impression .";TRUE
27225713;1463227;"27225713_1_1";"REFRESH";" Donc je dois mettre 4 goutes par jour en plus de gouttes tobradex et systane et nom_medicament .";TRUE
27225713;1463554;"27225713_2_1";"VISMED";" Je suis retournee voir mon chirurgien a la clinique et apres un controle il m a dit que mon oeil gauche est trop sec du coup ca explique mon astimate du coup il m a prescrit les gouttes lubrifiant ( nom_medicament ) en plus pour cet oeil .";TRUE
27225713;1463554;"27225713_2_2";"VISMED";" J en ai pour 53 EUROS par mois non rembourses ( nom_medicament + SYSTANE ) pendant 3 mois eh oui ca revient cher .";FALSE
27225713;1647201;"27225713_3_1";"SYSTANE";" Donc je dois mettre 4 goutes par jour en plus de gouttes tobradex et nom_medicament et refresh .";TRUE
27225713;1647201;"27225713_3_2";"SYSTANE";" J en ai pour 53 EUROS par mois non rembourses ( vismed + nom_medicament ) pendant 3 mois eh oui ca revient cher .";FALSE
27225801;1462881;"27225801_1_1";"ARTELAC";" Mes gouttes c est "" nom_medicament "" en unidose .";TRUE
27225803;1462880;"27225803_1_1";"ARTELAC";" Le chirurgien m a prescrit ce collyre et nom_medicament , les gouttes pour hydrater , je pense que ce sont des larmes artificielles .";TRUE
27225846;1462882;"27225846_1_1";"ARTELAC";" Devant l ordi essaie un truc de base comme refresh ou nom_medicament .";FALSE
27225852;1463474;"27225852_1_1";"VISMED";" nom_medicament est le plus connu .";FALSE
27225860;1462883;"27225860_1_1";"ARTELAC";" celui la contient de la povidone ( c est l un des produits les plus anciens , pas mauvais , pas revolutionnaire ) autrement dit l nom_medicament unidoses c est la meme chose";FALSE
27225897;1463601;"27225897_1_1";"VISMED";" Moi 6 flacons de nom_medicament par mois .";TRUE
27225898;1462884;"27225898_1_1";"ARTELAC";" p tit joueur <U+FFFD> moi bcp d nom_medicament mais je parlais de collyres conserves .";TRUE
27225912;1463600;"27225912_1_1";"VISMED";" heureusement que le nom_medicament est rembourse ( en partie et dans certains cas ) et possede la meme composition .";FALSE
27225941;1462886;"27225941_1_1";"ARTELAC";" Bonjour avez vous essayez refresh en unidose ou nom_medicament en unidose";FALSE
27225941;1463231;"27225941_2_1";"REFRESH";" Bonjour avez vous essayez nom_medicament en unidose ou artelac en unidose";FALSE
27225942;1462885;"27225942_1_1";"ARTELAC";" nom_medicament me brule les yeux et quand je regarde les effets indesirables de refresh ca m inquiete un peu car ca parait pire qu nom_medicament .";TRUE
27225942;1463230;"27225942_2_1";"REFRESH";" Artelac me brule les yeux et quand je regarde les effets indesirables de nom_medicament ca m inquiete un peu car ca parait pire qu Artelac .";FALSE
27225964;1462888;"27225964_1_1";"ARTELAC";" Je mets des gouttes nom_medicament quelques fois mais sans grand resultat .";TRUE
27225972;1462889;"27225972_1_1";"ARTELAC";" Bonjour , je connais une secheresse occulaire depuis une bonne dizaine de jour c est a dire que pendant quelques jours d un coup j ai eu comme du sable dans les yeux plus particulierement l <U+FFFD>il gaiche l <U+FFFD>il droit ca va pour le moment et par moments ce gene et plus ou moins important et cela me modifie la vue je suis donc allee voir mon ophtalmo hier qui m a faut un test et qui m a dit que j avais 10 sur 10 a chaque <U+FFFD>il mais que j avais une secheresse des yeux elle m a donc prescrit a me mettre des gouttes dans les yeux le traitement se nomme nom_medicament .";TRUE
27225982;1462892;"27225982_1_1";"ARTELAC";" Mais ce produit n a rien de revolutionnaire , c est de la povidone ( du meme genre y a nom_medicament en unidoses ) l un des substituts les plus anciens .";FALSE
27226066;1463494;"27226066_1_1";"VISMED";" Ce que je fais : Traitement bi quotidien a la ciclosporine ( collyre 0 , 05mg ) selon prescription hospitaliere , Collyre Hyal Drop 2 ou 3 fois par jour ( c est comme nom_medicament en pas rembourse du tout mais ca me reussit mieux .";TRUE
27226066;1645801;"27226066_2_1";"LACRYVISC";" ) , dans la nuit je mets nom_medicament ( collyre plus epais applique sur oeil pealablement raffraichi avec serum physiologique ou avec Phylarm ) .";TRUE
27226086;1462894;"27226086_1_1";"ARTELAC";" je vous conseille nom_medicament !";TRUE
27226088;1462893;"27226088_1_1";"ARTELAC";" J aime bien nom_medicament mais desole c est n importe quoi d affirmer que cela stimule les glandes .";TRUE
27226088;1462893;"27226088_1_2";"ARTELAC";" Si ca va mieux c est pour une autre raison car nom_medicament c est bien comme palliatif mais cela reste un palliatif .";TRUE
27226088;1462893;"27226088_1_3";"ARTELAC";" J utilise nom_medicament depuis 5 ans donc j ai rien contre , mais je suis pas gueri non plus !";TRUE
27226108;1463493;"27226108_1_1";"VISMED";" Pour info , en fait c etait inscrit nom_medicament MULTI sur mon ordonnance et les pharmaciens m ont refile a deux reprises le nom_medicament payant en unidoses ( GRRR .";FALSE
27226108;1647280;"27226108_2_1";"VISMED MULTI";" Pour info , en fait c etait inscrit nom_medicament sur mon ordonnance et les pharmaciens m ont refile a deux reprises le Vismed payant en unidoses ( GRRR .";FALSE
27226137;1462897;"27226137_1_1";"ARTELAC";" Pour les yeux secs c est normal apres su lasik , c est un des effets secondaires ( pensez a bien hydrater vos yeux avec des larmes artificielles de type Vismed Multi , Refresh , nom_medicament .";FALSE
27226137;1463220;"27226137_2_1";"REFRESH";" Pour les yeux secs c est normal apres su lasik , c est un des effets secondaires ( pensez a bien hydrater vos yeux avec des larmes artificielles de type Vismed Multi , nom_medicament , Artelac .";FALSE
27226137;1647294;"27226137_4_1";"VISMED MULTI";" Pour les yeux secs c est normal apres su lasik , c est un des effets secondaires ( pensez a bien hydrater vos yeux avec des larmes artificielles de type nom_medicament , Refresh , Artelac .";FALSE
27226181;1462898;"27226181_1_1";"ARTELAC";" bonjour je suis atteint de secheresse oculaire et mon ophtalmo m a prescrit de l nom_medicament et de la pommade a vitamine a dulcis .";TRUE
27226181;1462898;"27226181_1_2";"ARTELAC";" parce que les gouttes d nom_medicament ne sont pas suffisantes a mon gout .";TRUE
27226197;1462900;"27226197_1_1";"ARTELAC";" De plus j ai aussi Goujerot , celui la est "" casse pieds "" aussi , tjrs soif , donc bonbons a la menthe souvent et tjrs bouteille d eau sous la main meme en voiture , pour les yeux des larmes artificielles "" nom_medicament "" matin et soir .";TRUE
27226237;1462908;"27226237_1_1";"ARTELAC";" Je suis allee voir mon ophtalmo pour mon 2e rdv d adaptation et me dit que mes yeux vont bien malgre les yeux rouges et m a prescrit de l nom_medicament .";TRUE
27226238;1462907;"27226238_1_1";"ARTELAC";" vous les sentez secs ( l nom_medicament aide un peu ?";FALSE
27226239;1462906;"27226239_1_1";"ARTELAC";" Par moment , je les sens sec , et je mets de l nom_medicament mais cela soulage pendant quelques instants mais mes yeux sont toujours rouges .";TRUE
27226248;1462918;"27226248_1_1";"ARTELAC";" Et m avait d ailleurs prescrit des gouttes nom_medicament .";TRUE
27226254;1462917;"27226254_1_1";"ARTELAC";" Il avait raison tu faisais des conjonctivites a cause des lentilles , elles rendent l oeil encore plus sec , si de base tu l es ca ne fait qu aggraver le schmilblik < ; < l nom_medicament c est justement pour lubrifier toussa LEs lentilles rigides sont mieux tolerees , mais c est l horeur a mettre et a enlever ( javais une pote qui les enlevais avec une petite ventouse .";FALSE
27226263;1462919;"27226263_1_1";"ARTELAC";" ET fibromyalgie , tout ca survenu apres une operation de la hanche ( greffe osseuse ) , je <U+FFFD>mets de l nom_medicament matin / soir ds les yeux , Doliprane 1000 en journee , Plaquenil le soir et Rivotril avant le coucher , je suis insomniaque et j ai presque constamment mal , lombalgie , cruralgie , cervicales etc .";TRUE
27226268;1462922;"27226268_1_1";"ARTELAC";" Pour l instant , je prends nom_medicament qui semble sans effets dommageables pour les yeux .";TRUE
27226270;1463594;"27226270_1_1";"VISMED";" Ha oui un truc que j ai remarque avec le nom_medicament , ( hyaluronate ) c est que c est froid , ca a tendance a refroidire les paupieres donc , pour les blepharites c est pas cool .";TRUE
27226270;1463594;"27226270_1_2";"VISMED";" ( meme si moi j en aie pas mal ) <U+FFFD>Alors moi les meilleurs trucs que j ai trouve c est nom_medicament + lacrisert le jour et la nuit gellarme ou pommade vit A .";TRUE
27226272;1462921;"27226272_1_1";"ARTELAC";" Bon , eh bien je n hesite pas a utiliser nom_medicament des que je sens une trop grande secheresse .";TRUE
27226279;1462920;"27226279_1_1";"ARTELAC";" La , meme nom_medicament me pique , et mon etat ne s arrange guere ( mes yeux semblent peu rouges mais je ne supporte pas la lumiere ) !";TRUE
27226283;1462923;"27226283_1_1";"ARTELAC";" Il me prescrit de l nom_medicament et me dit qu il n y a pas de traitement pour ce que j ai attrape : une conjonctivite virale par adenovirus .";TRUE
27226320;1462941;"27226320_1_1";"ARTELAC";" J ai essaye l aqualarm en unidoses , l aqualarm intensive en flacon pompe ( les molecules sont differentes ) , le vismed et l nom_medicament ( le tout sans conservateur ) .";TRUE
27226320;1463585;"27226320_2_1";"VISMED";" J ai essaye l aqualarm en unidoses , l aqualarm intensive en flacon pompe ( les molecules sont differentes ) , le nom_medicament et l artelac ( le tout sans conservateur ) .";TRUE
27226330;1463481;"27226330_1_1";"VISMED";" Des bonnes gouttes pareil que nom_medicament malgre la concentration en AH superieur de l aqualarm , et moins de pub et remboursees en grande partie voila mon avis";FALSE
27226331;1462943;"27226331_1_1";"ARTELAC";" Finalement , l nom_medicament est pas mal non plus , moins irritant je trouve .";TRUE
27226357;1462948;"27226357_1_1";"ARTELAC";" puis 15 jours e dacryoserum et nom_medicament et apres 15 jours de collyre pour secheresse occulaire";FALSE
27226361;1462949;"27226361_1_1";"ARTELAC";" Vous devriez ensuite mettre des gouttes hydratantes ( Vismed Multi , Refresh , nom_medicament .";FALSE
27226361;1463228;"27226361_2_1";"REFRESH";" Vous devriez ensuite mettre des gouttes hydratantes ( Vismed Multi , nom_medicament , Artelac .";FALSE
27226361;1647311;"27226361_4_1";"VISMED MULTI";" Vous devriez ensuite mettre des gouttes hydratantes ( nom_medicament , Refresh , Artelac .";FALSE
27226388;1462950;"27226388_1_1";"ARTELAC";" JJe suis suivie regulierement pour ulcerations itiratives de l oeil gauche en rapport avec une DISTROPHIE DE COGAN BILATERALE ( symptome <U+FFFD>douleurs tres vives surtout la nuit effet de fleche qui transperce l oeil ) devant l inefficacite du traitement par pommade vitamine A on m a pose une lentille therapeutique depuis novembre 2004 et a ce jour je ne sens plus ces douleurs atroces , on m a prescrit un traitement <U+FFFD>de refresch et nom_medicament que je suit tres serieusement , on m a propose le laser excimer dans le cadre de laphotokeratectomie mais je le ferai seulement en cas de douleurs atroces .";TRUE
27226786;1463465;"27226786_1_1";"VISMED";" Autre suggestion BJR il manque le nom_medicament et le hyabak a ta liste par exemple pour info l adresse de l association Keratos a change et peut etre que tu y trouveras de conseils utiles : http : / / keratos .";FALSE
27227084;1463579;"27227084_1_1";"VISMED";" Le nom_medicament et le celluvisc n ont pas la meme compo ?";FALSE
27227084;1646323;"27227084_2_1";"CELLUVISC";" Le vismed et le nom_medicament n ont pas la meme compo ?";FALSE
27227199;1647272;"27227199_2_1";"VISMED MULTI";" nom_medicament bonjour , je suis dans le meme cas que toi , j ai essayer differente chose pour les yeux secs , complement , gouttes de toutes sortes prescrit par ophtamo et pas de resultat et la enfin je suis en train de revivre avec les gouttes nom_medicament sans conservateur et se garde 3 moi que la pharmacienne ma conseiller et je la remercie car se genre de probleme me pourrissais la vie de tous les jours en reunion , en voiture , bref tu sais ce que je vie , essaie c gouttes elle sont rembourse , tu es de 3 euros de ta poche car le flacon coute 15 euros .";TRUE
27227202;1463239;"27227202_1_1";"REFRESH";" Traitement secheresse oculaire Secheresse occulaire J utilise nom_medicament en ce moment .";TRUE
27227221;1646139;"27227221_1_1";"OPTIVE";" sollicitude <U+FFFD> Apres 2 jours d instillation d nom_medicament 2 a 3x / jour , mes yeux vont beaucoup mieux .";TRUE
27227375;1463132;"27227375_1_1";"REFRESH";" : S du coup je les ai enleve et j ai mis du nom_medicament hier soir et ce matin et bien dormi .";TRUE
27228013;1463140;"27228013_1_1";"REFRESH";" Vous avez par exemple Vismed Multi ( presque entierement rembourse ) et nom_medicament ( entierement rembourse et moins cher ) .";FALSE
27228013;1647308;"27228013_3_1";"VISMED MULTI";" Vous avez par exemple nom_medicament ( presque entierement rembourse ) et Refresh ( entierement rembourse et moins cher ) .";FALSE
27228758;1463149;"27228758_1_1";"REFRESH";" Merci , je preferais etre sur gm chat collyre nom_medicament";FALSE
27230503;1463168;"27230503_1_1";"REFRESH";" j utilisai le vismed multi , mais en faisant un tour sur les forum ricain je suis passe a nom_medicament celluvisc la journee et nom_medicament PM en onguent de nuit .";TRUE
27230503;1646211;"27230503_3_1";"RESTASIS";" Par exemple , j ai vu des etudes sur cyclosporine ( nom_medicament ) , y a til des equivalents en <PRENOM> ?";FALSE
27230503;1646292;"27230503_4_1";"CELLUVISC";" j utilisai le vismed multi , mais en faisant un tour sur les forum ricain je suis passe a refresh nom_medicament la journee et refresh PM en onguent de nuit .";TRUE
27230503;1647297;"27230503_5_1";"VISMED MULTI";" j utilisai le nom_medicament , mais en faisant un tour sur les forum ricain je suis passe a refresh celluvisc la journee et refresh PM en onguent de nuit .";TRUE
27230507;1463167;"27230507_1_1";"REFRESH";" En goutte la journee , j utilise soit nom_medicament soit Vismed Multi .";TRUE
27230507;1647298;"27230507_3_1";"VISMED MULTI";" En goutte la journee , j utilise soit Refresh soit nom_medicament .";TRUE
27230508;1463485;"27230508_1_1";"VISMED";" Moi aussi je souffre de secheresse oculaire , j ai tente la pommade a la vitamine A mais malheureusement la lanoline me gratte beaucoup , le nom_medicament c est pas mal , les complements alimentaires j ai pas vu de changement alors j ai arrete et je mange + de poissons , c est moins cher .";TRUE
27230513;1463169;"27230513_1_1";"REFRESH";" Pour moi le nom_medicament ( gouttes en unidose ) marche tres bien .";TRUE
27230913;1463172;"27230913_1_1";"REFRESH";" Peut etre que tu fais de la secheresse aux yeux , dans ce cas prend des gouttes comme le nom_medicament ( remboursees par la secu ) et tu en mets plusieurs fois par jour , tu ne ressentiras plus cette gene .";FALSE
27230952;1463174;"27230952_1_1";"REFRESH";" je vous la recommande chaudement Collyre pour les yeux sec a volonte : le nom_medicament jai des lentilles donc je connais bien , tres efficace et je garde mes lentilles sans probleme grace a sa <U+FFFD> Stick levre le jour : ICTYANE tout simplement parfait Homeoplasmine la nuit : pour les levres surtout , un peu dans le pif parfois Enfin sous la douche : ICTYANE creme moussante pour le corps ( nan j travaille pas pour eux je jure ) COLD CREAM surgras avene , pour le visage only KLORANE pour cheveux sec Les produits que vous allez utiliser seront tres important dans la maniere dont vous supporterez certains effets secondaires , a vous de trouver et de tester ceux qui vous conviennent le mieux Merci beaucoup pour avoir eu le courage de me lire <U+FFFD> voilou si ya des questions n hesitez pas QUESTIONS DIVERSES : a ) Quand commencer le traitement Curacne ?";TRUE
27231311;1463185;"27231311_1_1";"REFRESH";" Pour ma part j utilise du nom_medicament ( plutot serum phy ) et quand la gene devient plus importante du cellulvisc ( aspect plus huileux ) et en periode de crise je met de la pommade vitamine A .";TRUE
27231312;1463184;"27231312_1_1";"REFRESH";" On me prescrit nom_medicament 2 a 3 fois / jour .";TRUE
27232364;1463196;"27232364_1_1";"REFRESH";" Bonsoir Se soir en faisant la vaiselle mon beau frere a faite splasher de l eau de vaiselle et je crois que J en ai eu Dans L oeil Droit Quest ce que je devrai faire J ai des goute Ici nom_medicament Liquigel Est ce que cela marcherais pour sa Mais sa chauffe pas beaucoup AIder Moi svp .";FALSE
27232513;1463198;"27232513_1_1";"REFRESH";" Je prends de l Eyedrate trous les jours et du nom_medicament quand je ressent une gene .";TRUE
27232552;1463202;"27232552_1_1";"REFRESH";" Concernant l hydratation , des produits specifiques existent : nom_medicament ( entierement rembourse ) , Vismed Multi ( partiellement rembourse ) .";FALSE
27232552;1647279;"27232552_3_1";"VISMED MULTI";" Concernant l hydratation , des produits specifiques existent : Refresh ( entierement rembourse ) , nom_medicament ( partiellement rembourse ) .";FALSE
27232561;1463203;"27232561_1_1";"REFRESH";" La marque c est nom_medicament un truc comme sa ( : Bizz !";FALSE
27234149;1463207;"27234149_1_1";"REFRESH";" bonjour loquen tu peux aller en pharmacie acheter des gouttes artificielles pour te soulager les yeux genre du "" nom_medicament "" , tu en mets autant de fois que tu veux , c est des unidoses et pas trop cher ca va le 5 ce n est pas trop loin profite de tes vacances pour te reposer surtout !";FALSE
27234259;1463209;"27234259_1_1";"REFRESH";" Niveau gouttes , je mets du nom_medicament .";TRUE
27234300;1463210;"27234300_1_1";"REFRESH";" je souffre enormement en fin de nuit , et je dors avec des dosettes de nom_medicament sous mon oreiller , cela me soulage le matin , je remets un autre collyre pour fluidifier et le soir , du collyre vitamine A .";TRUE
27234662;1463218;"27234662_1_1";"REFRESH";" Je mets des gouttes : nom_medicament 3x / j et Larmaback 5x / j en essayant de ne pas oublier !";TRUE
27234680;1463219;"27234680_1_1";"REFRESH";" Depuis 3 ans , c est Lacrigel tous les soirs , et nom_medicament en unidose en journee , et vous ?";TRUE
27234680;1646504;"27234680_2_1";"LACRIGEL";" Depuis 3 ans , c est nom_medicament tous les soirs , et Refresh en unidose en journee , et vous ?";TRUE
27234735;1463223;"27234735_1_1";"REFRESH";" En general on a droit a une adaptation standard : yeux secs = lentilles souples silicone hydrogel + nom_medicament .";FALSE
27235095;1463232;"27235095_1_1";"REFRESH";" je mets des fois des gouttes nom_medicament , ma pharmacienne m a dit qu il n y avait pas de souci etant enceinte , des fois du serum physiologique .";TRUE
27235100;1463235;"27235100_1_1";"REFRESH";" Collyres En journee , le collyre nom_medicament ( transparent ) permet de rehydrater les yeux tout en portant ses lentilles .";FALSE
27235101;1463234;"27235101_1_1";"REFRESH";" Mais dis moi l effet est instantane , est ce qu avec le nom_medicament les yeux deviennent moins rouges ?";FALSE
27235102;1463233;"27235102_1_1";"REFRESH";" Il y a aussi les larmes artificielles ca s achete en pharmacie et c est moins cher que le nom_medicament .";FALSE
27235104;1463236;"27235104_1_1";"REFRESH";" ) avec des unidoses de nom_medicament la journee et autant de fois que vous le desirez .";FALSE
27235104;1463236;"27235104_1_2";"REFRESH";" Vous pouvez en plus pour la nuit remplacer le nom_medicament par du celluvisk , de la meme famille mais qui sous forme de gel hydrate plus durablement la cornee toute la nuit .";FALSE
27235123;1463238;"27235123_1_1";"REFRESH";" conseils : utiliser si lentilles dures uniquement SIMPLUS de chez BOSTON , evite les depots ainsi que les dosettes nom_medicament qui permettent d humidifier l oeil .";FALSE
27235136;1463240;"27235136_1_1";"REFRESH";" j ai l habitude : nom_medicament , dacryoserum etc .";TRUE
27235145;1463248;"27235145_1_1";"REFRESH";" mon homeopathe m a prescrit des granules et ts les matins et soirs je mets d office du nom_medicament .";TRUE
27235185;1463247;"27235185_1_1";"REFRESH";" J ai tout essaye avec des resultats faibles ou nuls : gouttes nom_medicament zero , unidose b12 bof , , gel vismed bof , dioptec zero , naturofta zero , bouchon lacrymal ou , serum autologue ou .";TRUE
27235214;1463246;"27235214_1_1";"REFRESH";" et suis astreinte aux larmes artificielle ( celluvisc , nom_medicament & nutrivisc ) mises a peu pres toutes les heures , voire plus souvent .";TRUE
27235241;1463245;"27235241_1_1";"REFRESH";" ) Mon 1er ohpthlamo me disaient que je ne clignais pas assez des yeux , alors elle me prescrivait des collyres humidifiant / larmes artificielles nom_medicament , vismed , opatanol etc pour la cornee .";TRUE
27235281;1463244;"27235281_1_1";"REFRESH";" Lophtalmo na rien trouve danormal et m a file des "" nom_medicament "" .";TRUE
27235287;1463243;"27235287_1_1";"REFRESH";" Depuis ma chirurgie , j ai essayer de nombreuses gouttes , allant du nom_medicament au lacri lube , puis mes yeux ont commence a me demanger .";TRUE
27235287;1463243;"27235287_1_2";"REFRESH";" Elle me fait essayer Liposic de Bauch et Lomb que je met 5 6 fois par jour ( l hydratation dure plus longtempse que les simples gouttes nom_medicament ) , et la formule gel que je met la nuit .";TRUE
27237411;1645998;"27237411_1_1";"CICLOSPORINE";" A fait un livre qui est un appel au deremboursement de medicaments , et avec de nombreuses erreurs , je te renvoit aussi a son role dans la nom_medicament qui devait guerir le SIDA .";FALSE
27238717;1463477;"27238717_1_1";"VISMED";" J ai essaye nom_medicament et ca ne m apporte aucune amelioration .";TRUE
27238767;1647289;"27238767_2_1";"VISMED MULTI";" Oui je sais qu il existe des traitements contre les yeux secs , j utilise nom_medicament et ca me soulage bien .";TRUE
27238806;1463486;"27238806_1_1";"VISMED";" Aucune attaque contre toi mais contre les betises non prouves genre les vitamines cicatrisent et le nom_medicament combat neovaisseaux ( rapporte par quelqu un d autre , qui ne s est pas vexe que ce je dise que son ophtalmo lui a dit n importe quoi ) .";FALSE
27238844;1463488;"27238844_1_1";"VISMED";" Moi nom_medicament mais ca tient pas longtemps non plus .";TRUE
27238844;1645774;"27238844_2_1";"LACRYVISC";" nom_medicament UNIDOSE ( sans conservateurs ) tient bien , ( mais ca ne marche pas sur moi ) <U+FFFD>";TRUE
27238850;1463487;"27238850_1_1";"VISMED";" Je dois mettre plusieurs collyres differents par jour mais effectivement , ca soulage juste quelques minutes ( nom_medicament y compris ) .";TRUE
27238860;1463489;"27238860_1_1";"VISMED";" J ai du nom_medicament a la maison , je pense qu en attendant ca me soulagera un peu par rapport a la secheresse oculaire .";TRUE
27238881;1463492;"27238881_1_1";"VISMED";" j ai le meme probleme mais moi mon ophtalmo ma prescrit 4 produit monosept le matin et le soir pour 2 mois nom_medicament toute les 3heures pour 2mois <U+FFFD>refresh toute les 3 heures pour 6semaines et siccafluid le soir au coucher pour 2 mois et encore je le vois tous les 2 mois et a chaque fois il me rajoute un nouveau truc j en ai marre et ca fait seulement depuis fevrier que je suis embete par ca";TRUE
27238881;1645830;"27238881_2_1";"SICCAFLUID";" j ai le meme probleme mais moi mon ophtalmo ma prescrit 4 produit monosept le matin et le soir pour 2 mois vismed toute les 3heures pour 2mois <U+FFFD>refresh toute les 3 heures pour 6semaines et nom_medicament le soir au coucher pour 2 mois et encore je le vois tous les 2 mois et a chaque fois il me rajoute un nouveau truc j en ai marre et ca fait seulement depuis fevrier que je suis embete par ca";TRUE
27238896;1463512;"27238896_1_1";"VISMED";" Je remet donc un peu de lubrifiant ( nom_medicament ) en cas de crise et elle passe plus ou moins vite .";TRUE
27238901;1463515;"27238901_1_1";"VISMED";" nom_medicament c est bien , on ne sent pas les yeux secs , simplement une gene visuelle et parfois la sensation de grais de sable ou picottements .";TRUE
27238930;1463520;"27238930_1_1";"VISMED";" Bonjour , Je souffre d une secheresse oculaire severe ( je mets beaucoup de nom_medicament , je cligne souvent des yeux de facon anormale et je suis tres gene pour lire ou sur ordinateur ) .";TRUE
27238953;1463524;"27238953_1_1";"VISMED";" Les noms sont : nom_medicament et Vexol 1 % .";TRUE
27238971;1463534;"27238971_1_1";"VISMED";" au fond je ne sais pas du tout si une goutte de nom_medicament toute les 30 45 min c est extreme , mais dans la vie de tous les jours c est invivable .";TRUE
27238998;1463545;"27238998_1_1";"VISMED";" ] nom_medicament .";FALSE
27238998;1463545;"27238998_1_2";"VISMED";" pdf <U+FFFD>In nom_medicament we trust Message cite 1 fois";FALSE
27239002;1463543;"27239002_1_1";"VISMED";" Bah disons que certe je consomme a peu pres 6 flacons de nom_medicament mais au moins c est rembourse , ( avec la mutuelle en plus on ne paye rien ) .";TRUE
27239025;1463584;"27239025_1_1";"VISMED";" Est ce que le fait de mettre du nom_medicament et du lacryvisc ou de la pommade vit A ne change pas cette douleur peut signifier qu il y a bien un cil qui se fraie un chemin ?";TRUE
27239025;1645776;"27239025_2_1";"LACRYVISC";" Est ce que le fait de mettre du vismed et du nom_medicament ou de la pommade vit A ne change pas cette douleur peut signifier qu il y a bien un cil qui se fraie un chemin ?";TRUE
27239046;1463588;"27239046_1_1";"VISMED";" Perso je fais comme ca : <U+FFFD>Un insert + une goutte de nom_medicament et je me couche .";TRUE
27239046;1645803;"27239046_2_1";"LACRYVISC";" Bah moi maintenant je trouve ca nul le nom_medicament et j utilise des inserts de lacrisert .";TRUE
27239046;1645803;"27239046_2_2";"LACRYVISC";" On peux faire la combinaison nom_medicament plus insert , le temps que le petit bout diffuse de l hydratant .";FALSE
27239051;1463589;"27239051_1_1";"VISMED";" bonjour moi aussi j ai les yeux sec et les larmes qui cassent trop vite par rapport a la normal je prends nom_medicament qui est assez efficace et aussi refresh";TRUE
27239071;1463591;"27239071_1_1";"VISMED";" Assez grave , le traitement lourd , mais indispensable , on a soigne les necroses par de greffes de gma de la membrane amniotique , un pansement occulaire , j en suis a ma 3eme , actuellement , mon traitement a ce jour est toujours phmb desomedine dexfree et nom_medicament mais a 4 fois par jour uniquement .";TRUE
27239088;1463592;"27239088_1_1";"VISMED";" Depuis 3 mois j ai des sensations de grains de sable dans le yeux et des brulures , j ai consulte 3 ophtalmos qui n ont rien touve , j en suis a mon enieme collyre ( ciloxan , maxidrol , naaxia , celluvisc , nom_medicament , vyseo .";TRUE
27239088;1646279;"27239088_2_1";"CELLUVISC";" Depuis 3 mois j ai des sensations de grains de sable dans le yeux et des brulures , j ai consulte 3 ophtalmos qui n ont rien touve , j en suis a mon enieme collyre ( ciloxan , maxidrol , naaxia , nom_medicament , vismed , vyseo .";TRUE
27239126;1463599;"27239126_1_1";"VISMED";" Par ex nous "" nom_medicament "" un collyre pour hydrater n etait pas rembourse il y a 2 ans maintenant il l est .";FALSE
27239321;1463602;"27239321_1_1";"VISMED";" Je retape : http : / / nom_medicament .";FALSE
27239409;1463618;"27239409_1_1";"VISMED";" 3 jours d antibiotiques , puis creme a la vitamine A la nuit et nom_medicament a volonte la journee .";TRUE
27239546;1463633;"27239546_1_1";"VISMED";" ) et j en ai pour 10<U+FFFD> pour 4 jours avec le nom_medicament et c est trop cher et je me posais la question du serum physiologique .";TRUE
27239649;1463643;"27239649_1_1";"VISMED";" Je pense que tu peux augmenter le nom_medicament , c est pour la secheresse , parfois je monte a 8 / 9 par jour .";TRUE
27309072;1645829;"27309072_1_1";"SICCAFLUID";" * nom_medicament renseignes toi tout de meme sur ton oeil avant d y mettre quoique ce soit , on sait jamais .";FALSE
27428624;1476988;"27428624_1_1";"LACRINORM";" Pour les poches , nom_medicament 2 % marche bien pour moi .";TRUE
35006919;1645739;"35006919_1_1";"DULCILARMES";" Concernant la secheresse des yeux connaissez vous nom_medicament , les gouttent qui sont censees remplacer les larmes <U+FFFD> naturelles <U+FFFD> , et le produit est rembourse .";FALSE
35007588;1646222;"35007588_1_1";"ARTELAC";" J ai un traitement a base de cromedil et nom_medicament .";TRUE
35007588;1646222;"35007588_1_2";"ARTELAC";" Au fait l nom_medicament me fait du bien .";TRUE
35008260;1646246;"35008260_1_1";"CELLUVISC";" Boujour moi aussi j ai ete operee en fev 2009 d un neurinome type 4 cote droit j ai exactement le meme bilan post op que toi sauf que moi je ne peux pas conduire car je n y vois pas assez meme avec de nouvelles lunettes , mon oeil gauche valide fatigue et me fait mal , l autre est toujours flou avec les gouttes de nom_medicament je n ai pas repris mon travail ( service public accueil etat civil ) .";TRUE
35010517;1646494;"35010517_1_1";"CICLOSPORINE";" Il y a aussi la digoxine , la theophylline , les anti vitamines K , la nom_medicament , les antiretroviraux .";TRUE
35011100;1646732;"35011100_1_1";"LARMABAK";" tu peux te faire prescrire du nom_medicament , c un humectant , dispo sans ordonnance aussi . .";FALSE
35020916;1646975;"35020916_1_1";"REFRESH";" bonjour a tous j ai essaye nom_medicament mais le lendemain je me suis retrouvee avec un oeil tres rouge et une impression d infection , j ai fait des lavages avec du serum physiologique et heureusement ca s est passe .";TRUE
35020916;1646975;"35020916_1_2";"REFRESH";" peut etre suis je allergique a nom_medicament ?";TRUE
